f1,f2,f3,f4,f5,f6,f7,f8,f9,f10
fyqfn,kzwcnilsoiqx,stz,jv,fuslfqadcckby,bhjyuuw,asqdktuvns,zglslvysrpxkz,pciqqjlibbtxlcgjysgk,yxcpgwguudglf
bcpoo,jkuvnrlxywap,bcg,pe,dvkbgqpfjygld,cqxlkto,ekmjrmynxo,njocfashzvxkb,lwmsbvyxyejmshlbreus,bxylyxwxfbfqx
onvia,ihsbpzjrzvol,nkp,aq,boplhhiiiijdh,eenrrcm,baapkqrecl,zvmgykqculsoc,huafafgdttdqeziwlzle,rdcdgjqzatnlu
mkthk,giudzqmlzoic,ysg,gc,oebjkcxyzffqa,vexxfia,dumhddmfsp,mxcrtukkurshs,emhfmaxdnpdcreaqsqly,ojmhxygtptvvd
dbevv,eepltrrcfhnp,fku,bq,lzbglfufrauaf,jawcamm,ezgsyaomse,llgzfbjbjrfia,mgjzihnytgutorhntnjy,fuvlohzxfreay
dqrxe,yinrjiyuurlf,mzz,ie,fbqxylhotaytq,ucnjwzv,szhvmfzhyg,fwletoqulogyk,khshtgbpjthvyrphtqey,iljbmycynvmir
anxfg,poeosjkjinlj,tup,dt,rgowmhkvwuvig,mpyfikj,hrlnvltvgz,jwfibaqhkcjby,ccgtyjybhgbutkomdmyb,pmdfklpdqdekb
avfof,nfcxmewiaira,fkk,se,etraofsvbvvuz,kleupay,hbzjwwfhnv,nyqwnpbraqbbu,qxkfgveulrwphajpoyfl,owdcwuhviysum
gmabc,oebkinmmfpnc,ebh,bf,sdzciktsleknd,iaqfqfv,szottfxkvd,smrrmhieefary,wrbgkzdzliaiwmqfcfij,tryvoxthxaeus
gcwho,rardmcbvzpfq,eyb,ot,wosakwrmapymn,lumkarv,jlmabuptgt,hgxmlvrqxsfuy,zbmpknogxrkqctktofrz,neldvagojaakr
